Keyword,Location,Name,Website,Phone,Instagram,Facebook,Twitter,Additional Phone,Email
moving+services+Kentucky,Kentucky,Firefighters Move U,ffmoveu.com,+1 859-982-5626,,,,"%20(859)%20982-5626, (859) 982-5626",office@ffmoveu.com
moving+services+Kentucky,Kentucky,Journeyman Moving Company - Local & Long Distance Movers: Top Rated Five Star Moving Company,journeymanmovingllc.com,+1 615-390-0046,http://instagram.com/,https://facebook.com/,,"6153900046, 615-390-0046",journeymanmoving.aaron@gmail.com
moving+services+Kentucky,Kentucky,All Things Moving LLC,allthingsmovingco.com,+1 513-374-1082,,https://www.facebook.com/allthingsmovingco/,,"5133741082, (513)%20374-1082",jacob@allthingsmovingco.com
moving+services+Kentucky,Kentucky,Corvin's In Town Moving,corvinsintownmoving.com,+1 270-352-0651,,,,,
moving+services+Kentucky,Kentucky,H. Johnson Moving & Storage,hjohnsonmovingandstorage.com,+1 859-431-7745,,,,,
moving+services+Kentucky,Kentucky,Saunier Moving & Storage Louisville,sauniermoving.com,+1 502-499-9996,http://instagram.com/sauniermoving1/,https://facebook.com/sauniermoving,,"1-859-233-2383, (859) 233-2383",info@SaunierMoving.com
moving+services+Kentucky,Kentucky,U-Pack,upack.com,+1 844-611-4582,,https://www.facebook.com/UPackMoving,https://twitter.com/UPackMoving,"844-362-5303, 844-594-3077",
moving+services+Kentucky,Kentucky,Affordable Movers,affordablemovers.biz,+1 859-636-0786,https://www.instagram.com/affordablemovers49,https://www.facebook.com/112478085160907,,8442576740,filler@godaddy.com
moving+services+Kentucky,Kentucky,Work-A-Haulix LLC,workahaulix.com,+1 502-451-8601,,,,,
moving+services+Kentucky,Kentucky,My 3 Sons Moving - Nicholasville,my3sonsmoving.com,+1 859-241-3030,,,,,
moving+services+Kentucky,Kentucky,College Hunks Hauling Junk and Moving North Lexington,collegehunkshaulingjunk.com,+1 859-251-2991,https://www.instagram.com/collegehunks/,https://www.facebook.com/CollegeHunksHaulingJunkandMoving/,https://twitter.com/CollegeHunks,833-626-1326,stressfreeservice@collegehunkshaulingjunk.com
moving+services+Kentucky,Kentucky,Blitz Moving Company,blitzmovingcompany.com,+1 270-537-1422,,https://www.facebook.com/103303535442611,,+12705371422,info@blitzmovingcompany.com
moving+services+Kentucky,Kentucky,Champion Movers,championmovers.net,+1 859-785-3895,http://www.instagram.com/champmoversllc,http://www.facebook.com/champmoversllc,https://twitter.com/champmoversllc,,info@championmovers.net
moving+services+Kentucky,Kentucky,Chappell Movers LLC,chappellmoving.com,+1 502-772-1076,,https://www.facebook.com/113181936721933,,"7760906, 5027721076, 5027760906",astigma@astigmatic.com
moving+services+Kentucky,Kentucky,UNITS of Kentucky,unitsstorage.com,+1 502-586-0444,,,,,
moving+services+Kentucky,Kentucky,MOVEaHAULics,moveahaulics.business.site,+1 502-912-4277,,,,+1-502-912-4277,
moving+services+Kentucky,Kentucky,Dads with Daughters Moving LLC,dadswithdaughtersmoving.com,+1 502-528-0621,,"https://facebook.com/Dads-With-Daughters-Moving-105196148910350, https://business.facebook.com/Dads-With-Daughters-Moving-105196148910350/?business_id=666783600098392",,502-528-0621,dadswithdaughtersmoving@gmail.com
